id,created_time,creator_id,modified_time,modifier_id,is_deleted,job_id,job_name,job_group,func_name,func_args,func_kwargs,run_info,run_except_info,run_status,run_time
34,2024-01-06 13:43:41.000000,0,2024-01-06 13:43:41.000000,0,0,demo2,测试2,setInterval,tasks.demo_task.demo,['哈哈哈哈哈'],{'key':'你好吗'},"----------------task_id:demo2,args:('哈哈哈哈哈',),kwargs:{'key': '你好吗'}----------------",,1,2024-01-06 13:43:41
35,2024-01-06 13:43:45.000000,0,2024-01-06 13:43:45.000000,0,0,demo,测试,setInterval,tasks.demo_task.demo,['hello world'],"{'a':'1','b':'2'}","----------------task_id:demo,args:('hello world',),kwargs:{'a': '1', 'b': '2'}----------------",,1,2024-01-06 13:43:45
36,2024-01-06 13:43:48.000000,0,2024-01-06 13:43:48.000000,0,0,kzz,可转债打新查询,setInterval,tasks.kzz_spider.get_now_kzz,,{'dayeExtra':8},[],,1,2024-01-06 13:43:48
38,2024-01-06 06:20:30.096532,0,2024-01-06 06:20:30.096532,0,0,demo,测试,setInterval,tasks.demo_task.demo,['hello world'],"{'a':'1','b':'2'}","----------------task_id:demo,args:('hello world',),kwargs:{'a': '1', 'b': '2'}----------------",,1,2024-01-06 06:20:30
39,2024-01-06 07:10:30.337595,0,2024-01-06 07:10:30.337595,0,0,demo2,测试2,setInterval,tasks.demo_task.demo,['哈哈哈哈哈'],{'key':'你好吗'},"----------------task_id:demo2,args:('哈哈哈哈哈',),kwargs:{'key': '你好吗'}----------------",,1,2024-01-06 07:10:30
40,2024-01-06 07:20:30.247706,0,2024-01-06 07:20:30.247706,0,0,demo,测试,setInterval,tasks.demo_task.demo,['hello world'],"{'a':'1','b':'2'}","----------------task_id:demo,args:('hello world',),kwargs:{'a': '1', 'b': '2'}----------------",,1,2024-01-06 07:20:30
41,2024-01-06 18:10:30.084626,0,2024-01-06 18:10:30.084626,0,0,demo2,测试2,setInterval,tasks.demo_task.demo,['哈哈哈哈哈'],{'key':'你好吗'},"----------------task_id:demo2,args:('哈哈哈哈哈',),kwargs:{'key': '你好吗'}----------------",,1,2024-01-06 18:10:30
42,2024-01-06 18:20:30.075841,0,2024-01-06 18:20:30.075841,0,0,demo,测试,setInterval,tasks.demo_task.demo,['hello world'],"{'a':'1','b':'2'}","----------------task_id:demo,args:('hello world',),kwargs:{'a': '1', 'b': '2'}----------------",,1,2024-01-06 18:20:30
43,2024-01-06 19:10:30.030087,0,2024-01-06 19:10:30.030087,0,0,demo2,测试2,setInterval,tasks.demo_task.demo,['哈哈哈哈哈'],{'key':'你好吗'},"----------------task_id:demo2,args:('哈哈哈哈哈',),kwargs:{'key': '你好吗'}----------------",,1,2024-01-06 19:10:30
44,2024-01-06 19:20:30.021821,0,2024-01-06 19:20:30.021821,0,0,demo,测试,setInterval,tasks.demo_task.demo,['hello world'],"{'a':'1','b':'2'}","----------------task_id:demo,args:('hello world',),kwargs:{'a': '1', 'b': '2'}----------------",,1,2024-01-06 19:20:30
45,2024-01-06 20:10:30.034955,0,2024-01-06 20:10:30.034955,0,0,demo2,测试2,setInterval,tasks.demo_task.demo,['哈哈哈哈哈'],{'key':'你好吗'},"----------------task_id:demo2,args:('哈哈哈哈哈',),kwargs:{'key': '你好吗'}----------------",,1,2024-01-06 20:10:30
46,2024-01-06 20:20:30.084794,0,2024-01-06 20:20:30.084794,0,0,demo,测试,setInterval,tasks.demo_task.demo,['hello world'],"{'a':'1','b':'2'}","----------------task_id:demo,args:('hello world',),kwargs:{'a': '1', 'b': '2'}----------------",,1,2024-01-06 20:20:30
47,2024-01-06 21:10:30.025114,0,2024-01-06 21:10:30.025114,0,0,demo2,测试2,setInterval,tasks.demo_task.demo,['哈哈哈哈哈'],{'key':'你好吗'},"----------------task_id:demo2,args:('哈哈哈哈哈',),kwargs:{'key': '你好吗'}----------------",,1,2024-01-06 21:10:30
48,2024-01-06 21:20:30.023995,0,2024-01-06 21:20:30.023995,0,0,demo,测试,setInterval,tasks.demo_task.demo,['hello world'],"{'a':'1','b':'2'}","----------------task_id:demo,args:('hello world',),kwargs:{'a': '1', 'b': '2'}----------------",,1,2024-01-06 21:20:30
49,2024-01-07 05:10:30.085852,0,2024-01-07 05:10:30.085852,0,0,demo2,测试2,setInterval,tasks.demo_task.demo,['哈哈哈哈哈'],{'key':'你好吗'},"----------------task_id:demo2,args:('哈哈哈哈哈',),kwargs:{'key': '你好吗'}----------------",,1,2024-01-07 05:10:30
50,2024-01-07 05:20:30.038125,0,2024-01-07 05:20:30.038125,0,0,demo,测试,setInterval,tasks.demo_task.demo,['hello world'],"{'a':'1','b':'2'}","----------------task_id:demo,args:('hello world',),kwargs:{'a': '1', 'b': '2'}----------------",,1,2024-01-07 05:20:30
51,2024-01-07 06:10:30.153815,0,2024-01-07 06:10:30.153815,0,0,demo2,测试2,setInterval,tasks.demo_task.demo,['哈哈哈哈哈'],{'key':'你好吗'},"----------------task_id:demo2,args:('哈哈哈哈哈',),kwargs:{'key': '你好吗'}----------------",,1,2024-01-07 06:10:30
52,2024-01-07 06:20:30.017463,0,2024-01-07 06:20:30.017463,0,0,demo,测试,setInterval,tasks.demo_task.demo,['hello world'],"{'a':'1','b':'2'}","----------------task_id:demo,args:('hello world',),kwargs:{'a': '1', 'b': '2'}----------------",,1,2024-01-07 06:20:30
53,2024-01-07 07:10:30.009725,0,2024-01-07 07:10:30.009725,0,0,demo2,测试2,setInterval,tasks.demo_task.demo,['哈哈哈哈哈'],{'key':'你好吗'},"----------------task_id:demo2,args:('哈哈哈哈哈',),kwargs:{'key': '你好吗'}----------------",,1,2024-01-07 07:10:30
54,2024-01-07 07:20:30.112905,0,2024-01-07 07:20:30.112905,0,0,demo,测试,setInterval,tasks.demo_task.demo,['hello world'],"{'a':'1','b':'2'}","----------------task_id:demo,args:('hello world',),kwargs:{'a': '1', 'b': '2'}----------------",,1,2024-01-07 07:20:30
55,2024-01-07 08:10:30.032937,0,2024-01-07 08:10:30.032937,0,0,demo2,测试2,setInterval,tasks.demo_task.demo,['哈哈哈哈哈'],{'key':'你好吗'},"----------------task_id:demo2,args:('哈哈哈哈哈',),kwargs:{'key': '你好吗'}----------------",,1,2024-01-07 08:10:30
56,2024-01-07 08:20:30.051092,0,2024-01-07 08:20:30.051092,0,0,demo,测试,setInterval,tasks.demo_task.demo,['hello world'],"{'a':'1','b':'2'}","----------------task_id:demo,args:('hello world',),kwargs:{'a': '1', 'b': '2'}----------------",,1,2024-01-07 08:20:30
57,2024-01-07 17:10:30.023749,0,2024-01-07 17:10:30.023749,0,0,demo2,测试2,setInterval,tasks.demo_task.demo,['哈哈哈哈哈'],{'key':'你好吗'},"----------------task_id:demo2,args:('哈哈哈哈哈',),kwargs:{'key': '你好吗'}----------------",,1,2024-01-07 17:10:30
58,2024-01-07 18:10:30.025374,0,2024-01-07 18:10:30.025374,0,0,demo2,测试2,setInterval,tasks.demo_task.demo,['哈哈哈哈哈'],{'key':'你好吗'},"----------------task_id:demo2,args:('哈哈哈哈哈',),kwargs:{'key': '你好吗'}----------------",,1,2024-01-07 18:10:30
59,2024-01-07 18:20:30.082451,0,2024-01-07 18:20:30.082451,0,0,demo,测试,setInterval,tasks.demo_task.demo,['hello world'],"{'a':'1','b':'2'}","----------------task_id:demo,args:('hello world',),kwargs:{'a': '1', 'b': '2'}----------------",,1,2024-01-07 18:20:30
60,2024-01-08 02:10:30.148972,0,2024-01-08 02:10:30.148972,0,0,demo2,测试2,setInterval,tasks.demo_task.demo,['哈哈哈哈哈'],{'key':'你好吗'},"----------------task_id:demo2,args:('哈哈哈哈哈',),kwargs:{'key': '你好吗'}----------------",,1,2024-01-08 02:10:30
61,2024-01-08 02:20:30.091984,0,2024-01-08 02:20:30.091984,0,0,demo,测试,setInterval,tasks.demo_task.demo,['hello world'],"{'a':'1','b':'2'}","----------------task_id:demo,args:('hello world',),kwargs:{'a': '1', 'b': '2'}----------------",,1,2024-01-08 02:20:30
62,2024-01-08 03:10:30.101327,0,2024-01-08 03:10:30.101327,0,0,demo2,测试2,setInterval,tasks.demo_task.demo,['哈哈哈哈哈'],{'key':'你好吗'},"----------------task_id:demo2,args:('哈哈哈哈哈',),kwargs:{'key': '你好吗'}----------------",,1,2024-01-08 03:10:30
63,2024-01-08 03:20:30.156066,0,2024-01-08 03:20:30.156066,0,0,demo,测试,setInterval,tasks.demo_task.demo,['hello world'],"{'a':'1','b':'2'}","----------------task_id:demo,args:('hello world',),kwargs:{'a': '1', 'b': '2'}----------------",,1,2024-01-08 03:20:30
64,2024-01-08 04:10:30.098898,0,2024-01-08 04:10:30.098898,0,0,demo2,测试2,setInterval,tasks.demo_task.demo,['哈哈哈哈哈'],{'key':'你好吗'},"----------------task_id:demo2,args:('哈哈哈哈哈',),kwargs:{'key': '你好吗'}----------------",,1,2024-01-08 04:10:30
65,2024-01-08 04:20:30.013281,0,2024-01-08 04:20:30.013281,0,0,demo,测试,setInterval,tasks.demo_task.demo,['hello world'],"{'a':'1','b':'2'}","----------------task_id:demo,args:('hello world',),kwargs:{'a': '1', 'b': '2'}----------------",,1,2024-01-08 04:20:30
66,2024-01-08 05:10:30.165634,0,2024-01-08 05:10:30.165634,0,0,demo2,测试2,setInterval,tasks.demo_task.demo,['哈哈哈哈哈'],{'key':'你好吗'},"----------------task_id:demo2,args:('哈哈哈哈哈',),kwargs:{'key': '你好吗'}----------------",,1,2024-01-08 05:10:30
67,2024-01-08 05:20:30.351761,0,2024-01-08 05:20:30.351761,0,0,demo,测试,setInterval,tasks.demo_task.demo,['hello world'],"{'a':'1','b':'2'}","----------------task_id:demo,args:('hello world',),kwargs:{'a': '1', 'b': '2'}----------------",,1,2024-01-08 05:20:30
68,2024-01-08 06:10:30.007434,0,2024-01-08 06:10:30.007434,0,0,demo2,测试2,setInterval,tasks.demo_task.demo,['哈哈哈哈哈'],{'key':'你好吗'},"----------------task_id:demo2,args:('哈哈哈哈哈',),kwargs:{'key': '你好吗'}----------------",,1,2024-01-08 06:10:30
69,2024-01-08 06:20:30.016423,0,2024-01-08 06:20:30.016423,0,0,demo,测试,setInterval,tasks.demo_task.demo,['hello world'],"{'a':'1','b':'2'}","----------------task_id:demo,args:('hello world',),kwargs:{'a': '1', 'b': '2'}----------------",,1,2024-01-08 06:20:30
70,2024-01-08 07:10:30.017005,0,2024-01-08 07:10:30.017005,0,0,demo2,测试2,setInterval,tasks.demo_task.demo,['哈哈哈哈哈'],{'key':'你好吗'},"----------------task_id:demo2,args:('哈哈哈哈哈',),kwargs:{'key': '你好吗'}----------------",,1,2024-01-08 07:10:30
71,2024-01-08 07:20:30.020510,0,2024-01-08 07:20:30.020510,0,0,demo,测试,setInterval,tasks.demo_task.demo,['hello world'],"{'a':'1','b':'2'}","----------------task_id:demo,args:('hello world',),kwargs:{'a': '1', 'b': '2'}----------------",,1,2024-01-08 07:20:30
72,2024-01-08 08:10:30.012874,0,2024-01-08 08:10:30.012874,0,0,demo2,测试2,setInterval,tasks.demo_task.demo,['哈哈哈哈哈'],{'key':'你好吗'},"----------------task_id:demo2,args:('哈哈哈哈哈',),kwargs:{'key': '你好吗'}----------------",,1,2024-01-08 08:10:30
73,2024-01-08 08:20:30.111600,0,2024-01-08 08:20:30.111600,0,0,demo,测试,setInterval,tasks.demo_task.demo,['hello world'],"{'a':'1','b':'2'}","----------------task_id:demo,args:('hello world',),kwargs:{'a': '1', 'b': '2'}----------------",,1,2024-01-08 08:20:30
74,2024-01-08 09:10:30.012665,0,2024-01-08 09:10:30.012665,0,0,demo2,测试2,setInterval,tasks.demo_task.demo,['哈哈哈哈哈'],{'key':'你好吗'},"----------------task_id:demo2,args:('哈哈哈哈哈',),kwargs:{'key': '你好吗'}----------------",,1,2024-01-08 09:10:30
75,2024-01-08 09:20:30.102357,0,2024-01-08 09:20:30.102357,0,0,demo,测试,setInterval,tasks.demo_task.demo,['hello world'],"{'a':'1','b':'2'}","----------------task_id:demo,args:('hello world',),kwargs:{'a': '1', 'b': '2'}----------------",,1,2024-01-08 09:20:30
76,2024-01-08 10:10:30.025160,0,2024-01-08 10:10:30.025160,0,0,demo2,测试2,setInterval,tasks.demo_task.demo,['哈哈哈哈哈'],{'key':'你好吗'},"----------------task_id:demo2,args:('哈哈哈哈哈',),kwargs:{'key': '你好吗'}----------------",,1,2024-01-08 10:10:30
77,2024-01-08 10:20:30.034169,0,2024-01-08 10:20:30.034169,0,0,demo,测试,setInterval,tasks.demo_task.demo,['hello world'],"{'a':'1','b':'2'}","----------------task_id:demo,args:('hello world',),kwargs:{'a': '1', 'b': '2'}----------------",,1,2024-01-08 10:20:30
78,2024-01-08 11:10:30.038877,0,2024-01-08 11:10:30.038877,0,0,demo2,测试2,setInterval,tasks.demo_task.demo,['哈哈哈哈哈'],{'key':'你好吗'},"----------------task_id:demo2,args:('哈哈哈哈哈',),kwargs:{'key': '你好吗'}----------------",,1,2024-01-08 11:10:30
79,2024-01-08 11:20:30.107648,0,2024-01-08 11:20:30.107648,0,0,demo,测试,setInterval,tasks.demo_task.demo,['hello world'],"{'a':'1','b':'2'}","----------------task_id:demo,args:('hello world',),kwargs:{'a': '1', 'b': '2'}----------------",,1,2024-01-08 11:20:30
80,2024-01-08 12:10:30.123661,0,2024-01-08 12:10:30.123661,0,0,demo2,测试2,setInterval,tasks.demo_task.demo,['哈哈哈哈哈'],{'key':'你好吗'},"----------------task_id:demo2,args:('哈哈哈哈哈',),kwargs:{'key': '你好吗'}----------------",,1,2024-01-08 12:10:30
81,2024-01-08 12:20:30.106035,0,2024-01-08 12:20:30.106035,0,0,demo,测试,setInterval,tasks.demo_task.demo,['hello world'],"{'a':'1','b':'2'}","----------------task_id:demo,args:('hello world',),kwargs:{'a': '1', 'b': '2'}----------------",,1,2024-01-08 12:20:30
82,2024-01-08 13:10:30.092996,0,2024-01-08 13:10:30.092996,0,0,demo2,测试2,setInterval,tasks.demo_task.demo,['哈哈哈哈哈'],{'key':'你好吗'},"----------------task_id:demo2,args:('哈哈哈哈哈',),kwargs:{'key': '你好吗'}----------------",,1,2024-01-08 13:10:30
83,2024-01-08 13:20:30.126999,0,2024-01-08 13:20:30.126999,0,0,demo,测试,setInterval,tasks.demo_task.demo,['hello world'],"{'a':'1','b':'2'}","----------------task_id:demo,args:('hello world',),kwargs:{'a': '1', 'b': '2'}----------------",,1,2024-01-08 13:20:30
84,2024-01-08 14:10:30.031102,0,2024-01-08 14:10:30.031102,0,0,demo2,测试2,setInterval,tasks.demo_task.demo,['哈哈哈哈哈'],{'key':'你好吗'},"----------------task_id:demo2,args:('哈哈哈哈哈',),kwargs:{'key': '你好吗'}----------------",,1,2024-01-08 14:10:30
85,2024-01-08 14:20:30.008152,0,2024-01-08 14:20:30.008152,0,0,demo,测试,setInterval,tasks.demo_task.demo,['hello world'],"{'a':'1','b':'2'}","----------------task_id:demo,args:('hello world',),kwargs:{'a': '1', 'b': '2'}----------------",,1,2024-01-08 14:20:30
86,2024-01-08 15:10:30.044409,0,2024-01-08 15:10:30.044409,0,0,demo2,测试2,setInterval,tasks.demo_task.demo,['哈哈哈哈哈'],{'key':'你好吗'},"----------------task_id:demo2,args:('哈哈哈哈哈',),kwargs:{'key': '你好吗'}----------------",,1,2024-01-08 15:10:30
87,2024-01-08 15:20:30.026074,0,2024-01-08 15:20:30.026074,0,0,demo,测试,setInterval,tasks.demo_task.demo,['hello world'],"{'a':'1','b':'2'}","----------------task_id:demo,args:('hello world',),kwargs:{'a': '1', 'b': '2'}----------------",,1,2024-01-08 15:20:30
88,2024-01-08 16:10:30.053991,0,2024-01-08 16:10:30.053991,0,0,demo2,测试2,setInterval,tasks.demo_task.demo,['哈哈哈哈哈'],{'key':'你好吗'},"----------------task_id:demo2,args:('哈哈哈哈哈',),kwargs:{'key': '你好吗'}----------------",,1,2024-01-08 16:10:30
89,2024-01-08 16:20:30.155729,0,2024-01-08 16:20:30.155729,0,0,demo,测试,setInterval,tasks.demo_task.demo,['hello world'],"{'a':'1','b':'2'}","----------------task_id:demo,args:('hello world',),kwargs:{'a': '1', 'b': '2'}----------------",,1,2024-01-08 16:20:30
90,2024-01-08 17:10:30.109783,0,2024-01-08 17:10:30.109783,0,0,demo2,测试2,setInterval,tasks.demo_task.demo,['哈哈哈哈哈'],{'key':'你好吗'},"----------------task_id:demo2,args:('哈哈哈哈哈',),kwargs:{'key': '你好吗'}----------------",,1,2024-01-08 17:10:30
91,2024-01-08 17:20:30.091625,0,2024-01-08 17:20:30.091625,0,0,demo,测试,setInterval,tasks.demo_task.demo,['hello world'],"{'a':'1','b':'2'}","----------------task_id:demo,args:('hello world',),kwargs:{'a': '1', 'b': '2'}----------------",,1,2024-01-08 17:20:30
92,2024-01-09 13:10:30.057290,0,2024-01-09 13:10:30.057290,0,0,demo2,测试2,setInterval,tasks.demo_task.demo,['哈哈哈哈哈'],{'key':'你好吗'},"----------------task_id:demo2,args:('哈哈哈哈哈',),kwargs:{'key': '你好吗'}----------------",,1,2024-01-09 13:10:30
93,2024-01-09 13:20:30.012542,0,2024-01-09 13:20:30.012542,0,0,demo,测试,setInterval,tasks.demo_task.demo,['hello world'],"{'a':'1','b':'2'}","----------------task_id:demo,args:('hello world',),kwargs:{'a': '1', 'b': '2'}----------------",,1,2024-01-09 13:20:30
94,2024-01-09 14:10:30.076273,0,2024-01-09 14:10:30.076273,0,0,demo2,测试2,setInterval,tasks.demo_task.demo,['哈哈哈哈哈'],{'key':'你好吗'},"----------------task_id:demo2,args:('哈哈哈哈哈',),kwargs:{'key': '你好吗'}----------------",,1,2024-01-09 14:10:30
95,2024-01-09 14:20:30.015443,0,2024-01-09 14:20:30.015443,0,0,demo,测试,setInterval,tasks.demo_task.demo,['hello world'],"{'a':'1','b':'2'}","----------------task_id:demo,args:('hello world',),kwargs:{'a': '1', 'b': '2'}----------------",,1,2024-01-09 14:20:30
96,2024-01-09 15:10:30.024868,0,2024-01-09 15:10:30.024868,0,0,demo2,测试2,setInterval,tasks.demo_task.demo,['哈哈哈哈哈'],{'key':'你好吗'},"----------------task_id:demo2,args:('哈哈哈哈哈',),kwargs:{'key': '你好吗'}----------------",,1,2024-01-09 15:10:30
97,2024-01-09 15:20:30.029597,0,2024-01-09 15:20:30.029597,0,0,demo,测试,setInterval,tasks.demo_task.demo,['hello world'],"{'a':'1','b':'2'}","----------------task_id:demo,args:('hello world',),kwargs:{'a': '1', 'b': '2'}----------------",,1,2024-01-09 15:20:30
98,2024-01-09 16:10:30.017737,0,2024-01-09 16:10:30.017737,0,0,demo2,测试2,setInterval,tasks.demo_task.demo,['哈哈哈哈哈'],{'key':'你好吗'},"----------------task_id:demo2,args:('哈哈哈哈哈',),kwargs:{'key': '你好吗'}----------------",,1,2024-01-09 16:10:30
99,2024-01-09 16:20:30.013989,0,2024-01-09 16:20:30.013989,0,0,demo,测试,setInterval,tasks.demo_task.demo,['hello world'],"{'a':'1','b':'2'}","----------------task_id:demo,args:('hello world',),kwargs:{'a': '1', 'b': '2'}----------------",,1,2024-01-09 16:20:30
100,2024-01-09 17:10:30.063569,0,2024-01-09 17:10:30.063569,0,0,demo2,测试2,setInterval,tasks.demo_task.demo,['哈哈哈哈哈'],{'key':'你好吗'},"----------------task_id:demo2,args:('哈哈哈哈哈',),kwargs:{'key': '你好吗'}----------------",,1,2024-01-09 17:10:30
101,2024-01-09 17:20:30.100083,0,2024-01-09 17:20:30.100083,0,0,demo,测试,setInterval,tasks.demo_task.demo,['hello world'],"{'a':'1','b':'2'}","----------------task_id:demo,args:('hello world',),kwargs:{'a': '1', 'b': '2'}----------------",,1,2024-01-09 17:20:30
102,2024-01-09 18:10:30.167207,0,2024-01-09 18:10:30.167207,0,0,demo2,测试2,setInterval,tasks.demo_task.demo,['哈哈哈哈哈'],{'key':'你好吗'},"----------------task_id:demo2,args:('哈哈哈哈哈',),kwargs:{'key': '你好吗'}----------------",,1,2024-01-09 18:10:30
103,2024-01-09 18:20:30.082692,0,2024-01-09 18:20:30.082692,0,0,demo,测试,setInterval,tasks.demo_task.demo,['hello world'],"{'a':'1','b':'2'}","----------------task_id:demo,args:('hello world',),kwargs:{'a': '1', 'b': '2'}----------------",,1,2024-01-09 18:20:30
104,2024-01-09 19:10:30.118224,0,2024-01-09 19:10:30.118224,0,0,demo2,测试2,setInterval,tasks.demo_task.demo,['哈哈哈哈哈'],{'key':'你好吗'},"----------------task_id:demo2,args:('哈哈哈哈哈',),kwargs:{'key': '你好吗'}----------------",,1,2024-01-09 19:10:30
105,2024-01-10 11:10:30.119910,0,2024-01-10 11:10:30.119910,0,0,demo2,测试2,setInterval,tasks.demo_task.demo,['哈哈哈哈哈'],{'key':'你好吗'},"----------------task_id:demo2,args:('哈哈哈哈哈',),kwargs:{'key': '你好吗'}----------------",,1,2024-01-10 11:10:30
106,2024-01-10 11:20:30.030641,0,2024-01-10 11:20:30.030641,0,0,demo,测试,setInterval,tasks.demo_task.demo,['hello world'],"{'a':'1','b':'2'}","----------------task_id:demo,args:('hello world',),kwargs:{'a': '1', 'b': '2'}----------------",,1,2024-01-10 11:20:30
107,2024-01-10 12:10:30.022170,0,2024-01-10 12:10:30.022170,0,0,demo2,测试2,setInterval,tasks.demo_task.demo,['哈哈哈哈哈'],{'key':'你好吗'},"----------------task_id:demo2,args:('哈哈哈哈哈',),kwargs:{'key': '你好吗'}----------------",,1,2024-01-10 12:10:30
108,2024-01-10 12:20:30.017478,0,2024-01-10 12:20:30.017478,0,0,demo,测试,setInterval,tasks.demo_task.demo,['hello world'],"{'a':'1','b':'2'}","----------------task_id:demo,args:('hello world',),kwargs:{'a': '1', 'b': '2'}----------------",,1,2024-01-10 12:20:30
109,2024-01-10 13:10:30.120220,0,2024-01-10 13:10:30.120220,0,0,demo2,测试2,setInterval,tasks.demo_task.demo,['哈哈哈哈哈'],{'key':'你好吗'},"----------------task_id:demo2,args:('哈哈哈哈哈',),kwargs:{'key': '你好吗'}----------------",,1,2024-01-10 13:10:30
110,2024-01-10 13:20:30.018608,0,2024-01-10 13:20:30.018608,0,0,demo,测试,setInterval,tasks.demo_task.demo,['hello world'],"{'a':'1','b':'2'}","----------------task_id:demo,args:('hello world',),kwargs:{'a': '1', 'b': '2'}----------------",,1,2024-01-10 13:20:30
111,2024-01-10 14:10:30.091772,0,2024-01-10 14:10:30.091772,0,0,demo2,测试2,setInterval,tasks.demo_task.demo,['哈哈哈哈哈'],{'key':'你好吗'},"----------------task_id:demo2,args:('哈哈哈哈哈',),kwargs:{'key': '你好吗'}----------------",,1,2024-01-10 14:10:30
112,2024-01-10 14:20:30.170641,0,2024-01-10 14:20:30.170641,0,0,demo,测试,setInterval,tasks.demo_task.demo,['hello world'],"{'a':'1','b':'2'}","----------------task_id:demo,args:('hello world',),kwargs:{'a': '1', 'b': '2'}----------------",,1,2024-01-10 14:20:30
113,2024-01-10 15:10:30.160385,0,2024-01-10 15:10:30.160385,0,0,demo2,测试2,setInterval,tasks.demo_task.demo,['哈哈哈哈哈'],{'key':'你好吗'},"----------------task_id:demo2,args:('哈哈哈哈哈',),kwargs:{'key': '你好吗'}----------------",,1,2024-01-10 15:10:30
114,2024-01-10 15:20:30.174740,0,2024-01-10 15:20:30.174740,0,0,demo,测试,setInterval,tasks.demo_task.demo,['hello world'],"{'a':'1','b':'2'}","----------------task_id:demo,args:('hello world',),kwargs:{'a': '1', 'b': '2'}----------------",,1,2024-01-10 15:20:30
115,2024-01-10 16:10:30.011684,0,2024-01-10 16:10:30.011684,0,0,demo2,测试2,setInterval,tasks.demo_task.demo,['哈哈哈哈哈'],{'key':'你好吗'},"----------------task_id:demo2,args:('哈哈哈哈哈',),kwargs:{'key': '你好吗'}----------------",,1,2024-01-10 16:10:30
116,2024-01-10 16:20:30.023888,0,2024-01-10 16:20:30.023888,0,0,demo,测试,setInterval,tasks.demo_task.demo,['hello world'],"{'a':'1','b':'2'}","----------------task_id:demo,args:('hello world',),kwargs:{'a': '1', 'b': '2'}----------------",,1,2024-01-10 16:20:30
117,2024-01-11 13:10:30.083484,0,2024-01-11 13:10:30.083484,0,0,demo2,测试2,setInterval,tasks.demo_task.demo,['哈哈哈哈哈'],{'key':'你好吗'},"----------------task_id:demo2,args:('哈哈哈哈哈',),kwargs:{'key': '你好吗'}----------------",,1,2024-01-11 13:10:30
118,2024-01-11 13:20:30.131876,0,2024-01-11 13:20:30.131876,0,0,demo,测试,setInterval,tasks.demo_task.demo,['hello world'],"{'a':'1','b':'2'}","----------------task_id:demo,args:('hello world',),kwargs:{'a': '1', 'b': '2'}----------------",,1,2024-01-11 13:20:30
119,2024-01-11 14:10:30.084549,0,2024-01-11 14:10:30.084549,0,0,demo2,测试2,setInterval,tasks.demo_task.demo,['哈哈哈哈哈'],{'key':'你好吗'},"----------------task_id:demo2,args:('哈哈哈哈哈',),kwargs:{'key': '你好吗'}----------------",,1,2024-01-11 14:10:30
120,2024-01-11 14:20:30.098267,0,2024-01-11 14:20:30.098267,0,0,demo,测试,setInterval,tasks.demo_task.demo,['hello world'],"{'a':'1','b':'2'}","----------------task_id:demo,args:('hello world',),kwargs:{'a': '1', 'b': '2'}----------------",,1,2024-01-11 14:20:30
121,2024-01-11 15:10:30.095276,0,2024-01-11 15:10:30.095276,0,0,demo2,测试2,setInterval,tasks.demo_task.demo,['哈哈哈哈哈'],{'key':'你好吗'},"----------------task_id:demo2,args:('哈哈哈哈哈',),kwargs:{'key': '你好吗'}----------------",,1,2024-01-11 15:10:30
122,2024-01-11 15:20:30.009574,0,2024-01-11 15:20:30.009574,0,0,demo,测试,setInterval,tasks.demo_task.demo,['hello world'],"{'a':'1','b':'2'}","----------------task_id:demo,args:('hello world',),kwargs:{'a': '1', 'b': '2'}----------------",,1,2024-01-11 15:20:30
123,2024-01-11 16:10:30.081187,0,2024-01-11 16:10:30.081187,0,0,demo2,测试2,setInterval,tasks.demo_task.demo,['哈哈哈哈哈'],{'key':'你好吗'},"----------------task_id:demo2,args:('哈哈哈哈哈',),kwargs:{'key': '你好吗'}----------------",,1,2024-01-11 16:10:30
124,2024-01-11 17:10:30.031547,0,2024-01-11 17:10:30.031547,0,0,demo2,测试2,setInterval,tasks.demo_task.demo,['哈哈哈哈哈'],{'key':'你好吗'},"----------------task_id:demo2,args:('哈哈哈哈哈',),kwargs:{'key': '你好吗'}----------------",,1,2024-01-11 17:10:30
125,2024-01-11 17:20:30.013010,0,2024-01-11 17:20:30.013010,0,0,demo,测试,setInterval,tasks.demo_task.demo,['hello world'],"{'a':'1','b':'2'}","----------------task_id:demo,args:('hello world',),kwargs:{'a': '1', 'b': '2'}----------------",,1,2024-01-11 17:20:30
126,2024-01-12 11:10:30.016566,0,2024-01-12 11:10:30.016566,0,0,demo2,测试2,setInterval,tasks.demo_task.demo,['哈哈哈哈哈'],{'key':'你好吗'},"----------------task_id:demo2,args:('哈哈哈哈哈',),kwargs:{'key': '你好吗'}----------------",,1,2024-01-12 11:10:30
127,2024-01-12 11:20:30.037684,0,2024-01-12 11:20:30.037684,0,0,demo,测试,setInterval,tasks.demo_task.demo,['hello world'],"{'a':'1','b':'2'}","----------------task_id:demo,args:('hello world',),kwargs:{'a': '1', 'b': '2'}----------------",,1,2024-01-12 11:20:30
128,2024-01-12 12:10:30.077352,0,2024-01-12 12:10:30.077352,0,0,demo2,测试2,setInterval,tasks.demo_task.demo,['哈哈哈哈哈'],{'key':'你好吗'},"----------------task_id:demo2,args:('哈哈哈哈哈',),kwargs:{'key': '你好吗'}----------------",,1,2024-01-12 12:10:30
129,2024-01-12 12:20:30.154511,0,2024-01-12 12:20:30.154511,0,0,demo,测试,setInterval,tasks.demo_task.demo,['hello world'],"{'a':'1','b':'2'}","----------------task_id:demo,args:('hello world',),kwargs:{'a': '1', 'b': '2'}----------------",,1,2024-01-12 12:20:30
130,2024-01-12 13:10:30.181257,0,2024-01-12 13:10:30.181257,0,0,demo2,测试2,setInterval,tasks.demo_task.demo,['哈哈哈哈哈'],{'key':'你好吗'},"----------------task_id:demo2,args:('哈哈哈哈哈',),kwargs:{'key': '你好吗'}----------------",,1,2024-01-12 13:10:30
131,2024-01-12 13:20:30.164799,0,2024-01-12 13:20:30.164799,0,0,demo,测试,setInterval,tasks.demo_task.demo,['hello world'],"{'a':'1','b':'2'}","----------------task_id:demo,args:('hello world',),kwargs:{'a': '1', 'b': '2'}----------------",,1,2024-01-12 13:20:30
132,2024-01-12 14:10:30.022950,0,2024-01-12 14:10:30.022950,0,0,demo2,测试2,setInterval,tasks.demo_task.demo,['哈哈哈哈哈'],{'key':'你好吗'},"----------------task_id:demo2,args:('哈哈哈哈哈',),kwargs:{'key': '你好吗'}----------------",,1,2024-01-12 14:10:30
133,2024-01-12 14:20:30.069155,0,2024-01-12 14:20:30.069155,0,0,demo,测试,setInterval,tasks.demo_task.demo,['hello world'],"{'a':'1','b':'2'}","----------------task_id:demo,args:('hello world',),kwargs:{'a': '1', 'b': '2'}----------------",,1,2024-01-12 14:20:30
134,2024-01-12 15:10:30.066165,0,2024-01-12 15:10:30.066165,0,0,demo2,测试2,setInterval,tasks.demo_task.demo,['哈哈哈哈哈'],{'key':'你好吗'},"----------------task_id:demo2,args:('哈哈哈哈哈',),kwargs:{'key': '你好吗'}----------------",,1,2024-01-12 15:10:30
135,2024-01-12 15:20:30.159484,0,2024-01-12 15:20:30.159484,0,0,demo,测试,setInterval,tasks.demo_task.demo,['hello world'],"{'a':'1','b':'2'}","----------------task_id:demo,args:('hello world',),kwargs:{'a': '1', 'b': '2'}----------------",,1,2024-01-12 15:20:30
136,2024-01-12 16:10:30.103154,0,2024-01-12 16:10:30.103154,0,0,demo2,测试2,setInterval,tasks.demo_task.demo,['哈哈哈哈哈'],{'key':'你好吗'},"----------------task_id:demo2,args:('哈哈哈哈哈',),kwargs:{'key': '你好吗'}----------------",,1,2024-01-12 16:10:30
137,2024-01-12 16:20:30.073482,0,2024-01-12 16:20:30.073482,0,0,demo,测试,setInterval,tasks.demo_task.demo,['hello world'],"{'a':'1','b':'2'}","----------------task_id:demo,args:('hello world',),kwargs:{'a': '1', 'b': '2'}----------------",,1,2024-01-12 16:20:30
138,2024-01-12 17:10:30.113761,0,2024-01-12 17:10:30.113761,0,0,demo2,测试2,setInterval,tasks.demo_task.demo,['哈哈哈哈哈'],{'key':'你好吗'},"----------------task_id:demo2,args:('哈哈哈哈哈',),kwargs:{'key': '你好吗'}----------------",,1,2024-01-12 17:10:30
139,2024-01-12 17:20:30.033082,0,2024-01-12 17:20:30.033082,0,0,demo,测试,setInterval,tasks.demo_task.demo,['hello world'],"{'a':'1','b':'2'}","----------------task_id:demo,args:('hello world',),kwargs:{'a': '1', 'b': '2'}----------------",,1,2024-01-12 17:20:30
140,2024-01-12 18:10:30.032467,0,2024-01-12 18:10:30.032467,0,0,demo2,测试2,setInterval,tasks.demo_task.demo,['哈哈哈哈哈'],{'key':'你好吗'},"----------------task_id:demo2,args:('哈哈哈哈哈',),kwargs:{'key': '你好吗'}----------------",,1,2024-01-12 18:10:30
141,2024-01-12 18:20:30.092056,0,2024-01-12 18:20:30.092056,0,0,demo,测试,setInterval,tasks.demo_task.demo,['hello world'],"{'a':'1','b':'2'}","----------------task_id:demo,args:('hello world',),kwargs:{'a': '1', 'b': '2'}----------------",,1,2024-01-12 18:20:30
142,2024-01-12 19:10:30.018880,0,2024-01-12 19:10:30.018880,0,0,demo2,测试2,setInterval,tasks.demo_task.demo,['哈哈哈哈哈'],{'key':'你好吗'},"----------------task_id:demo2,args:('哈哈哈哈哈',),kwargs:{'key': '你好吗'}----------------",,1,2024-01-12 19:10:30
143,2024-01-12 19:20:30.027734,0,2024-01-12 19:20:30.027734,0,0,demo,测试,setInterval,tasks.demo_task.demo,['hello world'],"{'a':'1','b':'2'}","----------------task_id:demo,args:('hello world',),kwargs:{'a': '1', 'b': '2'}----------------",,1,2024-01-12 19:20:30
144,2024-01-13 03:10:30.095173,0,2024-01-13 03:10:30.095173,0,0,demo2,测试2,setInterval,tasks.demo_task.demo,['哈哈哈哈哈'],{'key':'你好吗'},"----------------task_id:demo2,args:('哈哈哈哈哈',),kwargs:{'key': '你好吗'}----------------",,1,2024-01-13 03:10:30
145,2024-01-13 03:20:30.026564,0,2024-01-13 03:20:30.026564,0,0,demo,测试,setInterval,tasks.demo_task.demo,['hello world'],"{'a':'1','b':'2'}","----------------task_id:demo,args:('hello world',),kwargs:{'a': '1', 'b': '2'}----------------",,1,2024-01-13 03:20:30
146,2024-01-13 04:10:30.032697,0,2024-01-13 04:10:30.032697,0,0,demo2,测试2,setInterval,tasks.demo_task.demo,['哈哈哈哈哈'],{'key':'你好吗'},"----------------task_id:demo2,args:('哈哈哈哈哈',),kwargs:{'key': '你好吗'}----------------",,1,2024-01-13 04:10:30
147,2024-01-13 04:20:30.054245,0,2024-01-13 04:20:30.054245,0,0,demo,测试,setInterval,tasks.demo_task.demo,['hello world'],"{'a':'1','b':'2'}","----------------task_id:demo,args:('hello world',),kwargs:{'a': '1', 'b': '2'}----------------",,1,2024-01-13 04:20:30
148,2024-01-13 05:10:30.125097,0,2024-01-13 05:10:30.125097,0,0,demo2,测试2,setInterval,tasks.demo_task.demo,['哈哈哈哈哈'],{'key':'你好吗'},"----------------task_id:demo2,args:('哈哈哈哈哈',),kwargs:{'key': '你好吗'}----------------",,1,2024-01-13 05:10:30
149,2024-01-13 05:20:30.074177,0,2024-01-13 05:20:30.074177,0,0,demo,测试,setInterval,tasks.demo_task.demo,['hello world'],"{'a':'1','b':'2'}","----------------task_id:demo,args:('hello world',),kwargs:{'a': '1', 'b': '2'}----------------",,1,2024-01-13 05:20:30
150,2024-01-13 06:10:30.165839,0,2024-01-13 06:10:30.165839,0,0,demo2,测试2,setInterval,tasks.demo_task.demo,['哈哈哈哈哈'],{'key':'你好吗'},"----------------task_id:demo2,args:('哈哈哈哈哈',),kwargs:{'key': '你好吗'}----------------",,1,2024-01-13 06:10:30
151,2024-01-13 06:20:30.125446,0,2024-01-13 06:20:30.125446,0,0,demo,测试,setInterval,tasks.demo_task.demo,['hello world'],"{'a':'1','b':'2'}","----------------task_id:demo,args:('hello world',),kwargs:{'a': '1', 'b': '2'}----------------",,1,2024-01-13 06:20:30
152,2024-01-13 07:10:30.170519,0,2024-01-13 07:10:30.170519,0,0,demo2,测试2,setInterval,tasks.demo_task.demo,['哈哈哈哈哈'],{'key':'你好吗'},"----------------task_id:demo2,args:('哈哈哈哈哈',),kwargs:{'key': '你好吗'}----------------",,1,2024-01-13 07:10:30
153,2024-01-13 07:20:30.064664,0,2024-01-13 07:20:30.064664,0,0,demo,测试,setInterval,tasks.demo_task.demo,['hello world'],"{'a':'1','b':'2'}","----------------task_id:demo,args:('hello world',),kwargs:{'a': '1', 'b': '2'}----------------",,1,2024-01-13 07:20:30
154,2024-01-13 08:10:30.510508,0,2024-01-13 08:10:30.510508,0,0,demo2,测试2,setInterval,tasks.demo_task.demo,['哈哈哈哈哈'],{'key':'你好吗'},"----------------task_id:demo2,args:('哈哈哈哈哈',),kwargs:{'key': '你好吗'}----------------",,1,2024-01-13 08:10:30
155,2024-01-13 08:20:30.256841,0,2024-01-13 08:20:30.256841,0,0,demo,测试,setInterval,tasks.demo_task.demo,['hello world'],"{'a':'1','b':'2'}","----------------task_id:demo,args:('hello world',),kwargs:{'a': '1', 'b': '2'}----------------",,1,2024-01-13 08:20:30
156,2024-01-13 09:10:30.032435,0,2024-01-13 09:10:30.032435,0,0,demo2,测试2,setInterval,tasks.demo_task.demo,['哈哈哈哈哈'],{'key':'你好吗'},"----------------task_id:demo2,args:('哈哈哈哈哈',),kwargs:{'key': '你好吗'}----------------",,1,2024-01-13 09:10:30
157,2024-01-13 09:20:30.661780,0,2024-01-13 09:20:30.661780,0,0,demo,测试,setInterval,tasks.demo_task.demo,['hello world'],"{'a':'1','b':'2'}","----------------task_id:demo,args:('hello world',),kwargs:{'a': '1', 'b': '2'}----------------",,1,2024-01-13 09:20:30
158,2024-01-13 10:10:30.103962,0,2024-01-13 10:10:30.103962,0,0,demo2,测试2,setInterval,tasks.demo_task.demo,['哈哈哈哈哈'],{'key':'你好吗'},"----------------task_id:demo2,args:('哈哈哈哈哈',),kwargs:{'key': '你好吗'}----------------",,1,2024-01-13 10:10:30
159,2024-01-13 10:20:30.027417,0,2024-01-13 10:20:30.027417,0,0,demo,测试,setInterval,tasks.demo_task.demo,['hello world'],"{'a':'1','b':'2'}","----------------task_id:demo,args:('hello world',),kwargs:{'a': '1', 'b': '2'}----------------",,1,2024-01-13 10:20:30
160,2024-01-13 11:10:30.094227,0,2024-01-13 11:10:30.094227,0,0,demo2,测试2,setInterval,tasks.demo_task.demo,['哈哈哈哈哈'],{'key':'你好吗'},"----------------task_id:demo2,args:('哈哈哈哈哈',),kwargs:{'key': '你好吗'}----------------",,1,2024-01-13 11:10:30
161,2024-01-13 11:20:30.140952,0,2024-01-13 11:20:30.140952,0,0,demo,测试,setInterval,tasks.demo_task.demo,['hello world'],"{'a':'1','b':'2'}","----------------task_id:demo,args:('hello world',),kwargs:{'a': '1', 'b': '2'}----------------",,1,2024-01-13 11:20:30
162,2024-01-13 12:10:30.148848,0,2024-01-13 12:10:30.148848,0,0,demo2,测试2,setInterval,tasks.demo_task.demo,['哈哈哈哈哈'],{'key':'你好吗'},"----------------task_id:demo2,args:('哈哈哈哈哈',),kwargs:{'key': '你好吗'}----------------",,1,2024-01-13 12:10:30
163,2024-01-13 12:20:30.147095,0,2024-01-13 12:20:30.147095,0,0,demo,测试,setInterval,tasks.demo_task.demo,['hello world'],"{'a':'1','b':'2'}","----------------task_id:demo,args:('hello world',),kwargs:{'a': '1', 'b': '2'}----------------",,1,2024-01-13 12:20:30
164,2024-01-13 13:10:30.157900,0,2024-01-13 13:10:30.157900,0,0,demo2,测试2,setInterval,tasks.demo_task.demo,['哈哈哈哈哈'],{'key':'你好吗'},"----------------task_id:demo2,args:('哈哈哈哈哈',),kwargs:{'key': '你好吗'}----------------",,1,2024-01-13 13:10:30
165,2024-01-13 13:20:30.051691,0,2024-01-13 13:20:30.051691,0,0,demo,测试,setInterval,tasks.demo_task.demo,['hello world'],"{'a':'1','b':'2'}","----------------task_id:demo,args:('hello world',),kwargs:{'a': '1', 'b': '2'}----------------",,1,2024-01-13 13:20:30
166,2024-01-13 14:10:30.075078,0,2024-01-13 14:10:30.075078,0,0,demo2,测试2,setInterval,tasks.demo_task.demo,['哈哈哈哈哈'],{'key':'你好吗'},"----------------task_id:demo2,args:('哈哈哈哈哈',),kwargs:{'key': '你好吗'}----------------",,1,2024-01-13 14:10:30
167,2024-01-13 14:20:30.024015,0,2024-01-13 14:20:30.024015,0,0,demo,测试,setInterval,tasks.demo_task.demo,['hello world'],"{'a':'1','b':'2'}","----------------task_id:demo,args:('hello world',),kwargs:{'a': '1', 'b': '2'}----------------",,1,2024-01-13 14:20:30
168,2024-01-14 03:10:30.009557,0,2024-01-14 03:10:30.009557,0,0,demo2,测试2,setInterval,tasks.demo_task.demo,['哈哈哈哈哈'],{'key':'你好吗'},"----------------task_id:demo2,args:('哈哈哈哈哈',),kwargs:{'key': '你好吗'}----------------",,1,2024-01-14 03:10:30
169,2024-01-14 04:10:30.104848,0,2024-01-14 04:10:30.104848,0,0,demo2,测试2,setInterval,tasks.demo_task.demo,['哈哈哈哈哈'],{'key':'你好吗'},"----------------task_id:demo2,args:('哈哈哈哈哈',),kwargs:{'key': '你好吗'}----------------",,1,2024-01-14 04:10:30
170,2024-01-14 04:20:30.026804,0,2024-01-14 04:20:30.026804,0,0,demo,测试,setInterval,tasks.demo_task.demo,['hello world'],"{'a':'1','b':'2'}","----------------task_id:demo,args:('hello world',),kwargs:{'a': '1', 'b': '2'}----------------",,1,2024-01-14 04:20:30
171,2024-01-14 05:20:30.127638,0,2024-01-14 05:20:30.127638,0,0,demo,测试,setInterval,tasks.demo_task.demo,['hello world'],"{'a':'1','b':'2'}","----------------task_id:demo,args:('hello world',),kwargs:{'a': '1', 'b': '2'}----------------",,1,2024-01-14 05:20:30
172,2024-01-14 06:10:30.011572,0,2024-01-14 06:10:30.011572,0,0,demo2,测试2,setInterval,tasks.demo_task.demo,['哈哈哈哈哈'],{'key':'你好吗'},"----------------task_id:demo2,args:('哈哈哈哈哈',),kwargs:{'key': '你好吗'}----------------",,1,2024-01-14 06:10:30
173,2024-01-14 06:20:30.029977,0,2024-01-14 06:20:30.029977,0,0,demo,测试,setInterval,tasks.demo_task.demo,['hello world'],"{'a':'1','b':'2'}","----------------task_id:demo,args:('hello world',),kwargs:{'a': '1', 'b': '2'}----------------",,1,2024-01-14 06:20:30
174,2024-01-14 07:10:30.080081,0,2024-01-14 07:10:30.080081,0,0,demo2,测试2,setInterval,tasks.demo_task.demo,['哈哈哈哈哈'],{'key':'你好吗'},"----------------task_id:demo2,args:('哈哈哈哈哈',),kwargs:{'key': '你好吗'}----------------",,1,2024-01-14 07:10:30
175,2024-01-14 07:20:30.010046,0,2024-01-14 07:20:30.010046,0,0,demo,测试,setInterval,tasks.demo_task.demo,['hello world'],"{'a':'1','b':'2'}","----------------task_id:demo,args:('hello world',),kwargs:{'a': '1', 'b': '2'}----------------",,1,2024-01-14 07:20:30
176,2024-01-14 08:10:30.126903,0,2024-01-14 08:10:30.126903,0,0,demo2,测试2,setInterval,tasks.demo_task.demo,['哈哈哈哈哈'],{'key':'你好吗'},"----------------task_id:demo2,args:('哈哈哈哈哈',),kwargs:{'key': '你好吗'}----------------",,1,2024-01-14 08:10:30
177,2024-01-14 08:20:30.035273,0,2024-01-14 08:20:30.035273,0,0,demo,测试,setInterval,tasks.demo_task.demo,['hello world'],"{'a':'1','b':'2'}","----------------task_id:demo,args:('hello world',),kwargs:{'a': '1', 'b': '2'}----------------",,1,2024-01-14 08:20:30
178,2024-01-14 09:10:30.040232,0,2024-01-14 09:10:30.040232,0,0,demo2,测试2,setInterval,tasks.demo_task.demo,['哈哈哈哈哈'],{'key':'你好吗'},"----------------task_id:demo2,args:('哈哈哈哈哈',),kwargs:{'key': '你好吗'}----------------",,1,2024-01-14 09:10:30
179,2024-01-14 09:20:30.150808,0,2024-01-14 09:20:30.150808,0,0,demo,测试,setInterval,tasks.demo_task.demo,['hello world'],"{'a':'1','b':'2'}","----------------task_id:demo,args:('hello world',),kwargs:{'a': '1', 'b': '2'}----------------",,1,2024-01-14 09:20:30
180,2024-01-14 10:10:30.096583,0,2024-01-14 10:10:30.096583,0,0,demo2,测试2,setInterval,tasks.demo_task.demo,['哈哈哈哈哈'],{'key':'你好吗'},"----------------task_id:demo2,args:('哈哈哈哈哈',),kwargs:{'key': '你好吗'}----------------",,1,2024-01-14 10:10:30
181,2024-01-14 10:20:30.102839,0,2024-01-14 10:20:30.102839,0,0,demo,测试,setInterval,tasks.demo_task.demo,['hello world'],"{'a':'1','b':'2'}","----------------task_id:demo,args:('hello world',),kwargs:{'a': '1', 'b': '2'}----------------",,1,2024-01-14 10:20:30
182,2024-01-14 11:10:30.031918,0,2024-01-14 11:10:30.031918,0,0,demo2,测试2,setInterval,tasks.demo_task.demo,['哈哈哈哈哈'],{'key':'你好吗'},"----------------task_id:demo2,args:('哈哈哈哈哈',),kwargs:{'key': '你好吗'}----------------",,1,2024-01-14 11:10:30
183,2024-01-14 11:20:30.031776,0,2024-01-14 11:20:30.031776,0,0,demo,测试,setInterval,tasks.demo_task.demo,['hello world'],"{'a':'1','b':'2'}","----------------task_id:demo,args:('hello world',),kwargs:{'a': '1', 'b': '2'}----------------",,1,2024-01-14 11:20:30
184,2024-01-14 12:10:30.037386,0,2024-01-14 12:10:30.037386,0,0,demo2,测试2,setInterval,tasks.demo_task.demo,['哈哈哈哈哈'],{'key':'你好吗'},"----------------task_id:demo2,args:('哈哈哈哈哈',),kwargs:{'key': '你好吗'}----------------",,1,2024-01-14 12:10:30
185,2024-01-14 12:20:30.023503,0,2024-01-14 12:20:30.023503,0,0,demo,测试,setInterval,tasks.demo_task.demo,['hello world'],"{'a':'1','b':'2'}","----------------task_id:demo,args:('hello world',),kwargs:{'a': '1', 'b': '2'}----------------",,1,2024-01-14 12:20:30
186,2024-01-14 13:10:30.091154,0,2024-01-14 13:10:30.091154,0,0,demo2,测试2,setInterval,tasks.demo_task.demo,['哈哈哈哈哈'],{'key':'你好吗'},"----------------task_id:demo2,args:('哈哈哈哈哈',),kwargs:{'key': '你好吗'}----------------",,1,2024-01-14 13:10:30
187,2024-01-14 13:20:30.128762,0,2024-01-14 13:20:30.128762,0,0,demo,测试,setInterval,tasks.demo_task.demo,['hello world'],"{'a':'1','b':'2'}","----------------task_id:demo,args:('hello world',),kwargs:{'a': '1', 'b': '2'}----------------",,1,2024-01-14 13:20:30
188,2024-01-14 14:10:30.134070,0,2024-01-14 14:10:30.134070,0,0,demo2,测试2,setInterval,tasks.demo_task.demo,['哈哈哈哈哈'],{'key':'你好吗'},"----------------task_id:demo2,args:('哈哈哈哈哈',),kwargs:{'key': '你好吗'}----------------",,1,2024-01-14 14:10:30
189,2024-01-14 14:20:30.094691,0,2024-01-14 14:20:30.094691,0,0,demo,测试,setInterval,tasks.demo_task.demo,['hello world'],"{'a':'1','b':'2'}","----------------task_id:demo,args:('hello world',),kwargs:{'a': '1', 'b': '2'}----------------",,1,2024-01-14 14:20:30
190,2024-01-14 15:10:30.130011,0,2024-01-14 15:10:30.130011,0,0,demo2,测试2,setInterval,tasks.demo_task.demo,['哈哈哈哈哈'],{'key':'你好吗'},"----------------task_id:demo2,args:('哈哈哈哈哈',),kwargs:{'key': '你好吗'}----------------",,1,2024-01-14 15:10:30
191,2024-01-14 15:20:30.018568,0,2024-01-14 15:20:30.018568,0,0,demo,测试,setInterval,tasks.demo_task.demo,['hello world'],"{'a':'1','b':'2'}","----------------task_id:demo,args:('hello world',),kwargs:{'a': '1', 'b': '2'}----------------",,1,2024-01-14 15:20:30
192,2024-01-14 16:10:30.023176,0,2024-01-14 16:10:30.023176,0,0,demo2,测试2,setInterval,tasks.demo_task.demo,['哈哈哈哈哈'],{'key':'你好吗'},"----------------task_id:demo2,args:('哈哈哈哈哈',),kwargs:{'key': '你好吗'}----------------",,1,2024-01-14 16:10:30
193,2024-01-14 17:10:30.099913,0,2024-01-14 17:10:30.099913,0,0,demo2,测试2,setInterval,tasks.demo_task.demo,['哈哈哈哈哈'],{'key':'你好吗'},"----------------task_id:demo2,args:('哈哈哈哈哈',),kwargs:{'key': '你好吗'}----------------",,1,2024-01-14 17:10:30
194,2024-01-14 18:20:30.175941,0,2024-01-14 18:20:30.175941,0,0,demo,测试,setInterval,tasks.demo_task.demo,['hello world'],"{'a':'1','b':'2'}","----------------task_id:demo,args:('hello world',),kwargs:{'a': '1', 'b': '2'}----------------",,1,2024-01-14 18:20:30
195,2024-01-15 16:10:30.082878,0,2024-01-15 16:10:30.082878,0,0,demo2,测试2,setInterval,tasks.demo_task.demo,['哈哈哈哈哈'],{'key':'你好吗'},"----------------task_id:demo2,args:('哈哈哈哈哈',),kwargs:{'key': '你好吗'}----------------",,1,2024-01-15 16:10:30
196,2024-01-15 16:20:30.025640,0,2024-01-15 16:20:30.025640,0,0,demo,测试,setInterval,tasks.demo_task.demo,['hello world'],"{'a':'1','b':'2'}","----------------task_id:demo,args:('hello world',),kwargs:{'a': '1', 'b': '2'}----------------",,1,2024-01-15 16:20:30
197,2024-01-15 17:10:30.035896,0,2024-01-15 17:10:30.035896,0,0,demo2,测试2,setInterval,tasks.demo_task.demo,['哈哈哈哈哈'],{'key':'你好吗'},"----------------task_id:demo2,args:('哈哈哈哈哈',),kwargs:{'key': '你好吗'}----------------",,1,2024-01-15 17:10:30
198,2024-01-15 17:20:30.006791,0,2024-01-15 17:20:30.006791,0,0,demo,测试,setInterval,tasks.demo_task.demo,['hello world'],"{'a':'1','b':'2'}","----------------task_id:demo,args:('hello world',),kwargs:{'a': '1', 'b': '2'}----------------",,1,2024-01-15 17:20:30
199,2024-01-15 18:10:30.038479,0,2024-01-15 18:10:30.038479,0,0,demo2,测试2,setInterval,tasks.demo_task.demo,['哈哈哈哈哈'],{'key':'你好吗'},"----------------task_id:demo2,args:('哈哈哈哈哈',),kwargs:{'key': '你好吗'}----------------",,1,2024-01-15 18:10:30
200,2024-01-15 18:20:30.028629,0,2024-01-15 18:20:30.028629,0,0,demo,测试,setInterval,tasks.demo_task.demo,['hello world'],"{'a':'1','b':'2'}","----------------task_id:demo,args:('hello world',),kwargs:{'a': '1', 'b': '2'}----------------",,1,2024-01-15 18:20:30
201,2024-01-15 19:10:30.083600,0,2024-01-15 19:10:30.083600,0,0,demo2,测试2,setInterval,tasks.demo_task.demo,['哈哈哈哈哈'],{'key':'你好吗'},"----------------task_id:demo2,args:('哈哈哈哈哈',),kwargs:{'key': '你好吗'}----------------",,1,2024-01-15 19:10:30
202,2024-01-15 19:20:30.017630,0,2024-01-15 19:20:30.017630,0,0,demo,测试,setInterval,tasks.demo_task.demo,['hello world'],"{'a':'1','b':'2'}","----------------task_id:demo,args:('hello world',),kwargs:{'a': '1', 'b': '2'}----------------",,1,2024-01-15 19:20:30
203,2024-01-15 20:10:30.259085,0,2024-01-15 20:10:30.259085,0,0,demo2,测试2,setInterval,tasks.demo_task.demo,['哈哈哈哈哈'],{'key':'你好吗'},"----------------task_id:demo2,args:('哈哈哈哈哈',),kwargs:{'key': '你好吗'}----------------",,1,2024-01-15 20:10:30
204,2024-01-16 15:10:30.027333,0,2024-01-16 15:10:30.027333,0,0,demo2,测试2,setInterval,tasks.demo_task.demo,['哈哈哈哈哈'],{'key':'你好吗'},"----------------task_id:demo2,args:('哈哈哈哈哈',),kwargs:{'key': '你好吗'}----------------",,1,2024-01-16 15:10:30
205,2024-01-16 15:20:30.093054,0,2024-01-16 15:20:30.093054,0,0,demo,测试,setInterval,tasks.demo_task.demo,['hello world'],"{'a':'1','b':'2'}","----------------task_id:demo,args:('hello world',),kwargs:{'a': '1', 'b': '2'}----------------",,1,2024-01-16 15:20:30
206,2024-01-16 16:10:30.030616,0,2024-01-16 16:10:30.030616,0,0,demo2,测试2,setInterval,tasks.demo_task.demo,['哈哈哈哈哈'],{'key':'你好吗'},"----------------task_id:demo2,args:('哈哈哈哈哈',),kwargs:{'key': '你好吗'}----------------",,1,2024-01-16 16:10:30
207,2024-01-16 16:20:30.046838,0,2024-01-16 16:20:30.046838,0,0,demo,测试,setInterval,tasks.demo_task.demo,['hello world'],"{'a':'1','b':'2'}","----------------task_id:demo,args:('hello world',),kwargs:{'a': '1', 'b': '2'}----------------",,1,2024-01-16 16:20:30
208,2024-01-16 17:10:30.169090,0,2024-01-16 17:10:30.169090,0,0,demo2,测试2,setInterval,tasks.demo_task.demo,['哈哈哈哈哈'],{'key':'你好吗'},"----------------task_id:demo2,args:('哈哈哈哈哈',),kwargs:{'key': '你好吗'}----------------",,1,2024-01-16 17:10:30
209,2024-01-16 17:20:30.257808,0,2024-01-16 17:20:30.257808,0,0,demo,测试,setInterval,tasks.demo_task.demo,['hello world'],"{'a':'1','b':'2'}","----------------task_id:demo,args:('hello world',),kwargs:{'a': '1', 'b': '2'}----------------",,1,2024-01-16 17:20:30
210,2024-01-16 18:10:30.606755,0,2024-01-16 18:10:30.606755,0,0,demo2,测试2,setInterval,tasks.demo_task.demo,['哈哈哈哈哈'],{'key':'你好吗'},"----------------task_id:demo2,args:('哈哈哈哈哈',),kwargs:{'key': '你好吗'}----------------",,1,2024-01-16 18:10:30
211,2024-01-16 18:20:30.153048,0,2024-01-16 18:20:30.153048,0,0,demo,测试,setInterval,tasks.demo_task.demo,['hello world'],"{'a':'1','b':'2'}","----------------task_id:demo,args:('hello world',),kwargs:{'a': '1', 'b': '2'}----------------",,1,2024-01-16 18:20:30
212,2024-01-17 04:10:30.017346,0,2024-01-17 04:10:30.017346,0,0,demo2,测试2,setInterval,tasks.demo_task.demo,['哈哈哈哈哈'],{'key':'你好吗'},"----------------task_id:demo2,args:('哈哈哈哈哈',),kwargs:{'key': '你好吗'}----------------",,1,2024-01-17 04:10:30
213,2024-01-17 04:20:30.030177,0,2024-01-17 04:20:30.030177,0,0,demo,测试,setInterval,tasks.demo_task.demo,['hello world'],"{'a':'1','b':'2'}","----------------task_id:demo,args:('hello world',),kwargs:{'a': '1', 'b': '2'}----------------",,1,2024-01-17 04:20:30
214,2024-01-17 15:10:30.014278,0,2024-01-17 15:10:30.014278,0,0,demo2,测试2,setInterval,tasks.demo_task.demo,['哈哈哈哈哈'],{'key':'你好吗'},"----------------task_id:demo2,args:('哈哈哈哈哈',),kwargs:{'key': '你好吗'}----------------",,1,2024-01-17 15:10:30
215,2024-01-17 15:20:30.027210,0,2024-01-17 15:20:30.027210,0,0,demo,测试,setInterval,tasks.demo_task.demo,['hello world'],"{'a':'1','b':'2'}","----------------task_id:demo,args:('hello world',),kwargs:{'a': '1', 'b': '2'}----------------",,1,2024-01-17 15:20:30
216,2024-01-17 16:10:30.178676,0,2024-01-17 16:10:30.178676,0,0,demo2,测试2,setInterval,tasks.demo_task.demo,['哈哈哈哈哈'],{'key':'你好吗'},"----------------task_id:demo2,args:('哈哈哈哈哈',),kwargs:{'key': '你好吗'}----------------",,1,2024-01-17 16:10:30
217,2024-01-17 16:20:30.073714,0,2024-01-17 16:20:30.073714,0,0,demo,测试,setInterval,tasks.demo_task.demo,['hello world'],"{'a':'1','b':'2'}","----------------task_id:demo,args:('hello world',),kwargs:{'a': '1', 'b': '2'}----------------",,1,2024-01-17 16:20:30
218,2024-01-17 17:10:30.085020,0,2024-01-17 17:10:30.085020,0,0,demo2,测试2,setInterval,tasks.demo_task.demo,['哈哈哈哈哈'],{'key':'你好吗'},"----------------task_id:demo2,args:('哈哈哈哈哈',),kwargs:{'key': '你好吗'}----------------",,1,2024-01-17 17:10:30
219,2024-01-18 12:10:30.006074,0,2024-01-18 12:10:30.006074,0,0,demo2,测试2,setInterval,tasks.demo_task.demo,['哈哈哈哈哈'],{'key':'你好吗'},"----------------task_id:demo2,args:('哈哈哈哈哈',),kwargs:{'key': '你好吗'}----------------",,1,2024-01-18 12:10:30
220,2024-01-18 12:20:30.043155,0,2024-01-18 12:20:30.043155,0,0,demo,测试,setInterval,tasks.demo_task.demo,['hello world'],"{'a':'1','b':'2'}","----------------task_id:demo,args:('hello world',),kwargs:{'a': '1', 'b': '2'}----------------",,1,2024-01-18 12:20:30
221,2024-01-18 13:10:30.080677,0,2024-01-18 13:10:30.080677,0,0,demo2,测试2,setInterval,tasks.demo_task.demo,['哈哈哈哈哈'],{'key':'你好吗'},"----------------task_id:demo2,args:('哈哈哈哈哈',),kwargs:{'key': '你好吗'}----------------",,1,2024-01-18 13:10:30
222,2024-01-18 13:20:30.085475,0,2024-01-18 13:20:30.085475,0,0,demo,测试,setInterval,tasks.demo_task.demo,['hello world'],"{'a':'1','b':'2'}","----------------task_id:demo,args:('hello world',),kwargs:{'a': '1', 'b': '2'}----------------",,1,2024-01-18 13:20:30
223,2024-01-18 14:10:30.010777,0,2024-01-18 14:10:30.010777,0,0,demo2,测试2,setInterval,tasks.demo_task.demo,['哈哈哈哈哈'],{'key':'你好吗'},"----------------task_id:demo2,args:('哈哈哈哈哈',),kwargs:{'key': '你好吗'}----------------",,1,2024-01-18 14:10:30
224,2024-01-18 14:20:30.036967,0,2024-01-18 14:20:30.036967,0,0,demo,测试,setInterval,tasks.demo_task.demo,['hello world'],"{'a':'1','b':'2'}","----------------task_id:demo,args:('hello world',),kwargs:{'a': '1', 'b': '2'}----------------",,1,2024-01-18 14:20:30
225,2024-01-21 09:10:30.018599,0,2024-01-21 09:10:30.018599,0,0,demo2,测试2,setInterval,tasks.demo_task.demo,['哈哈哈哈哈'],{'key':'你好吗'},"----------------task_id:demo2,args:('哈哈哈哈哈',),kwargs:{'key': '你好吗'}----------------",,1,2024-01-21 09:10:30
226,2024-01-21 09:20:30.031855,0,2024-01-21 09:20:30.031855,0,0,demo,测试,setInterval,tasks.demo_task.demo,['hello world'],"{'a':'1','b':'2'}","----------------task_id:demo,args:('hello world',),kwargs:{'a': '1', 'b': '2'}----------------",,1,2024-01-21 09:20:30
227,2024-01-21 10:10:30.074802,0,2024-01-21 10:10:30.074802,0,0,demo2,测试2,setInterval,tasks.demo_task.demo,['哈哈哈哈哈'],{'key':'你好吗'},"----------------task_id:demo2,args:('哈哈哈哈哈',),kwargs:{'key': '你好吗'}----------------",,1,2024-01-21 10:10:30
228,2024-01-21 11:10:30.023017,0,2024-01-21 11:10:30.023017,0,0,demo2,测试2,setInterval,tasks.demo_task.demo,['哈哈哈哈哈'],{'key':'你好吗'},"----------------task_id:demo2,args:('哈哈哈哈哈',),kwargs:{'key': '你好吗'}----------------",,1,2024-01-21 11:10:30
229,2024-01-21 11:20:30.101089,0,2024-01-21 11:20:30.101089,0,0,demo,测试,setInterval,tasks.demo_task.demo,['hello world'],"{'a':'1','b':'2'}","----------------task_id:demo,args:('hello world',),kwargs:{'a': '1', 'b': '2'}----------------",,1,2024-01-21 11:20:30
230,2024-01-21 12:10:30.175734,0,2024-01-21 12:10:30.175734,0,0,demo2,测试2,setInterval,tasks.demo_task.demo,['哈哈哈哈哈'],{'key':'你好吗'},"----------------task_id:demo2,args:('哈哈哈哈哈',),kwargs:{'key': '你好吗'}----------------",,1,2024-01-21 12:10:30
231,2024-01-21 12:20:30.159453,0,2024-01-21 12:20:30.159453,0,0,demo,测试,setInterval,tasks.demo_task.demo,['hello world'],"{'a':'1','b':'2'}","----------------task_id:demo,args:('hello world',),kwargs:{'a': '1', 'b': '2'}----------------",,1,2024-01-21 12:20:30
